<?xml version="1.0" encoding="UTF-8"?>
<project-private xmlns="http://www.netbeans.org/ns/project-private/1">
    <editor-bookmarks xmlns="http://www.netbeans.org/ns/editor-bookmarks/2" lastBookmarkId="0"/>
    <open-files xmlns="http://www.netbeans.org/ns/projectui-open-files/2">
        <group>
            <file>file:/C:/Users/El_manfy/OneDrive/Documents/NetBeansProjects/Ecommerce_System/src/ecommerce_system/Customer.java</file>
            <file>file:/C:/Users/El_manfy/OneDrive/Documents/NetBeansProjects/Ecommerce_System/src/ecommerce_system/Cart.java</file>
            <file>file:/C:/Users/El_manfy/OneDrive/Documents/NetBeansProjects/Ecommerce_System/src/ecommerce_system/Book_product.java</file>
            <file>file:/C:/Users/El_manfy/OneDrive/Documents/NetBeansProjects/Ecommerce_System/src/ecommerce_system/Elctronic_product.java</file>
            <file>file:/C:/Users/El_manfy/OneDrive/Documents/NetBeansProjects/Ecommerce_System/src/ecommerce_system/gui4.java</file>
            <file>file:/C:/Users/El_manfy/OneDrive/Documents/NetBeansProjects/Ecommerce_System/src/ecommerce_system/order.java</file>
            <file>file:/C:/Users/El_manfy/OneDrive/Documents/NetBeansProjects/Ecommerce_System/src/ecommerce_system/gui5.java</file>
            <file>file:/C:/Users/El_manfy/OneDrive/Documents/NetBeansProjects/Ecommerce_System/src/ecommerce_system/Gui1.java</file>
            <file>file:/C:/Users/El_manfy/OneDrive/Documents/NetBeansProjects/Ecommerce_System/src/ecommerce_system/gui3.java</file>
            <file>file:/C:/Users/El_manfy/OneDrive/Documents/NetBeansProjects/Ecommerce_System/src/ecommerce_system/Ecommerce_System.java</file>
            <file>file:/C:/Users/El_manfy/OneDrive/Documents/NetBeansProjects/Ecommerce_System/src/ecommerce_system/Product.java</file>
            <file>file:/C:/Users/El_manfy/OneDrive/Documents/NetBeansProjects/Ecommerce_System/src/ecommerce_system/Clothing_product.java</file>
            <file>file:/C:/Users/El_manfy/OneDrive/Documents/NetBeansProjects/Ecommerce_System/src/ecommerce_system/Gui2.java</file>
            <file>file:/C:/Users/El_manfy/OneDrive/Documents/NetBeansProjects/Ecommerce_System/src/ecommerce_system/gui6.java</file>
        </group>
    </open-files>
</project-private>
